Task,start,end,Department,Completion
1. usage of Git,4-Oct-21,5-Oct-21,Step1,100
2. Golang Dev,4-Oct-21,20-Oct-21,Step1,60
3. Basic algorithm,6-Oct-21,21-Oct-21,Step1,30
4. Mutual Exclusion Process & Thread & Goroutine,7-Oct-21,22-Oct-21,Step1,10
1. HTTP Server + MySQL,22-Oct-21,29-Oct-21,Step2,30
"2. HTTP protocol, Database Normalization",29-Oct-21,5-Nov-21,Step2,20
3. Cookie concept and implementation,5-Nov-21,12-Nov-21,Step2,0
"1. GCP compute engine, Docker",12-Nov-21,24-Nov-21,Step3,10
2. Project in a nutshell,24-Nov-21,3-Dec-21,Step3,0
